Model,Accuracy,Precision,Recall,F1-Score,True Negatives,False Positives,False Negatives,True Positives
Naive Bayes,0.7012987012987013,0.5666666666666667,0.6296296296296297,0.5964912280701754,74,26,20,34
SVM,0.6948051948051948,0.5777777777777777,0.48148148148148145,0.5252525252525253,81,19,28,26
Decision Tree,0.6883116883116883,0.6363636363636364,0.25925925925925924,0.3684210526315789,92,8,40,14
